{"cameraMode":{"drawMode":0,"name":"Shaded","section":"Shading Mode"},"sceneLighting":true,"audioPlay":false,"sceneViewState":{"showFog":true,"showMaterialUpdate":false,"showSkybox":true,"showFlares":true,"showImageEffects":true,"showParticleSystems":true},"in2DMode":false,"pivot":{"x":-6.546775817871094,"y":-2.3774805068969728,"z":-11.181255340576172},"rotation":{"x":-0.12136068940162659,"y":0.8032098412513733,"z":-0.17524096369743348,"w":-0.5562520027160645},"size":14.19114875793457,"orthographic":false}